query_label,model,trial,correct,answer,input_tokens,output_tokens,reasoning_tokens,total_tokens,cost_usd,latency_s,error
apples,anthropic/claude-opus-4.7,1,True,18,61,6,0,67,0.00045500,1.0313,
apples,anthropic/claude-opus-4.7,2,True,18,61,6,0,67,0.00045500,5.0254,
apples,anthropic/claude-opus-4.7,3,True,18,61,6,0,67,0.00045500,1.0552,
apples,anthropic/claude-opus-4.6,1,True,18,53,5,0,58,0.00039000,2.5119,
apples,anthropic/claude-opus-4.6,2,True,18,53,5,0,58,0.00039000,1.7427,
apples,anthropic/claude-opus-4.6,3,True,18,53,5,0,58,0.00039000,1.7186,
apples,anthropic/claude-opus-4.5,1,True,18,53,5,0,58,0.00039000,1.6630,
apples,anthropic/claude-opus-4.5,2,True,18,53,5,0,58,0.00039000,1.7908,
apples,anthropic/claude-opus-4.5,3,True,18,53,5,0,58,0.00039000,2.1564,
apples,anthropic/claude-sonnet-4.6,1,True,"Let me work through this step by step:

- Start: 4 apples
- Buy 8 more: 4 + 8 = 12 apples
- Give half to a friend: 12 / 2 = 6 apples
- Triple what's left: 6 × 3 = 18 apples

**18**",53,87,0,140,0.00146400,1.9304,
apples,anthropic/claude-sonnet-4.6,2,True,"Let me work through this step by step:

- Start: 4 apples
- Buy 8 more: 4 + 8 = 12 apples
- Give half to a friend: 12 / 2 = 6 apples
- Triple what's left: 6 × 3 = 18 apples

**18**",53,87,0,140,0.00146400,2.2872,
apples,anthropic/claude-sonnet-4.6,3,True,"Let me work through this step by step:

1. Start: 4 apples
2. Buy 8 more: 4 + 8 = 12 apples
3. Give half to a friend: 12 / 2 = 6 apples
4. Triple what's left: 6 × 3 = 18 apples

**18**",53,91,0,144,0.00152400,2.4422,
apples,anthropic/claude-sonnet-4.5,1,True,18,53,5,0,58,0.00023400,2.4321,
apples,anthropic/claude-sonnet-4.5,2,True,18,53,5,0,58,0.00023400,2.2472,
apples,anthropic/claude-sonnet-4.5,3,True,18,53,5,0,58,0.00023400,2.4024,
apples,anthropic/claude-sonnet-4,1,True,18,53,5,0,58,0.00023400,0.9428,
apples,anthropic/claude-sonnet-4,2,True,18,53,5,0,58,0.00023400,1.8179,
apples,anthropic/claude-sonnet-4,3,True,18,53,5,0,58,0.00023400,1.2568,
apples,google/gemini-3.1-pro-preview,1,True,18,41,224,222,265,0.00277000,5.5085,
apples,google/gemini-3.1-pro-preview,2,True,18,41,187,185,228,0.00232600,6.1435,
apples,google/gemini-3.1-pro-preview,3,True,18,41,160,158,201,0.00200200,3.2392,
apples,google/gemini-2.5-pro,1,True,18,41,305,303,346,0.00310125,4.2953,
apples,google/gemini-2.5-pro,2,True,18,41,420,418,461,0.00425125,8.8594,
apples,google/gemini-2.5-pro,3,True,18,42,298,298,340,0.00303250,13.7729,
apples,google/gemini-2.0-flash-001,1,,,0,0,,0,,5.3515,"HTTP 504: {""error"":{""message"":""The operation was aborted"",""code"":504,""metadata"":{""provider_name"":""Google""}},""user_id"":""user_3C8lSSxQuurpJpKGGT1sUC2IhbD""}"
apples,google/gemini-2.0-flash-001,2,False,36,41,3,0,44,0.00000530,7.3704,
apples,google/gemini-2.0-flash-001,3,,,0,0,,0,,5.2498,"HTTP 504: {""error"":{""message"":""The operation was aborted"",""code"":504,""metadata"":{""provider_name"":""Google""}},""user_id"":""user_3C8lSSxQuurpJpKGGT1sUC2IhbD""}"
apples,openai/gpt-5.5,1,True,18,47,41,34,88,0.00146500,3.3547,
apples,openai/gpt-5.5,2,True,18,47,40,33,87,0.00143500,3.5452,
apples,openai/gpt-5.5,3,True,18,47,42,35,89,0.00149500,2.7328,
apples,openai/gpt-5.4,1,True,18,47,5,0,52,0.00019250,1.1567,
apples,openai/gpt-5.4,2,True,18,47,5,0,52,0.00019250,0.7852,
apples,openai/gpt-5.4,3,True,18,47,5,0,52,0.00019250,1.1759,
apples,openai/gpt-5.2,1,True,18,47,31,24,78,0.00051625,3.0970,
apples,openai/gpt-5.2,2,True,18,47,31,24,78,0.00051625,3.2771,
apples,openai/gpt-5.2,3,True,18,47,35,28,82,0.00057225,3.1618,
apples,deepseek/deepseek-v4-pro,1,True,18,124,129,127,253,0.00053174,5.9810,
apples,deepseek/deepseek-v4-pro,2,True,18,124,132,130,256,0.00054010,11.5461,
apples,deepseek/deepseek-v4-pro,3,True,18,45,123,121,168,0.00050634,4.3484,
apples,deepseek/deepseek-v3.2,1,True,"Let’s go step-by-step.

1. Start with **4 apples**.
2. Buy **8 more**: \( 4 + 8 = 12 \) apples.
3. Give half to a friend: \( 12 \div 2 = 6 \) apples given away, so **6 remain**.
4. Triple what’s left: \( 6 \times 3 = 18 \) apples.

Final answer: **18**.",45,92,0,137,0.00004891,3.1222,
apples,deepseek/deepseek-v3.2,2,True,"Let's go step-by-step.

**Step 1:** Start with 4 apples, buy 8 more.  
\[
4 + 8 = 12
\]

**Step 2:** Give half of my apples to a friend.  
\[
\text{Give away} = \frac{12}{2} = 6  
\]
\[
\text{Remain} = 12 - 6 = 6
\]

**Step 3:** Triple what I have left.  
\[
6 \times 3 = 18
\]

So, the final answer is:

\[
\boxed{18}
\]",45,129,0,174,0.00006371,4.7504,
apples,deepseek/deepseek-v3.2,3,True,"Let’s go step-by-step.  

1. Start: 4 apples.  
2. Buy 8 more: \( 4 + 8 = 12 \) apples.  
3. Give half to a friend: \( 12 \div 2 = 6 \) apples given away.  
   Left: \( 12 - 6 = 6 \) apples.  
4. Triple what’s left: \( 6 \times 3 = 18 \) apples.  

**Answer:** 18",45,106,0,151,0.00020328,14.2869,
apples,deepseek/deepseek-chat,1,False,30,44,2,0,46,0.00001586,1.9515,
apples,deepseek/deepseek-chat,2,True,"Let's break down the problem step by step:

1. **Initial Apples**: You start with **4** apples.
2. **Buy More Apples**: You buy **8** more apples.  
   \[
   4 + 8 = 12 \text{ apples}
   \]
3. **Give Half to a Friend**: You give half of your apples to a friend.  
   \[
   \frac{12}{2} = 6 \text{ apples given away}
   \]
   \[
   12 - 6 = 6 \text{ apples remaining}
   \]
4. **Triple the Remaining Apples**: You triple the apples you have left.  
   \[
   6 \times 3 = 18 \text{ apples}
   \]

**Final Answer**:  
\[
\boxed{18}
\]",44,178,0,222,0.00024900,6.7795,
apples,deepseek/deepseek-chat,3,True,"Let's break down the problem step by step:

1. **Initial apples**: 4
2. **Apples bought**: +8
   - Total now: 4 + 8 = **12 apples**
3. **Give half to a friend**: 12 / 2 = **6 apples given away**
   - Left with: 12 - 6 = **6 apples**
4. **Triple what's left**: 6 * 3 = **18 apples**

**Final number of apples**: \boxed{18}",44,112,0,156,0.00016320,5.1204,
apples,qwen/qwen3.6-max-preview,1,True,18,51,184,178,235,0.00150150,5.7679,
apples,qwen/qwen3.6-max-preview,2,True,18,51,260,253,311,0.00209430,7.3456,
apples,qwen/qwen3.6-max-preview,3,True,18,51,108,101,159,0.00090870,3.6636,
apples,qwen/qwen3-max,1,True,18,49,2,0,51,0.00004602,1.3788,
apples,qwen/qwen3-max,2,True,18,49,2,0,51,0.00004602,1.9636,
apples,qwen/qwen3-max,3,True,18,49,2,0,51,0.00004602,1.0871,
apples,qwen/qwen-max,1,False,16,49,2,0,51,0.00005928,0.5504,
apples,qwen/qwen-max,2,False,36,49,2,0,51,0.00005928,1.0331,
apples,qwen/qwen-max,3,False,27,49,2,0,51,0.00005928,0.8948,
siblings,anthropic/claude-opus-4.7,1,True,3,59,6,0,65,0.00044500,1.2734,
siblings,anthropic/claude-opus-4.7,2,True,3,59,6,0,65,0.00044500,3.3597,
siblings,anthropic/claude-opus-4.7,3,True,3,59,6,0,65,0.00044500,1.5394,
siblings,anthropic/claude-opus-4.6,1,True,3,39,5,0,44,0.00032000,1.7398,
siblings,anthropic/claude-opus-4.6,2,True,3,39,5,0,44,0.00032000,1.7701,
siblings,anthropic/claude-opus-4.6,3,True,3,39,5,0,44,0.00032000,1.9192,
siblings,anthropic/claude-opus-4.5,1,True,3,39,5,0,44,0.00032000,1.5618,
siblings,anthropic/claude-opus-4.5,2,True,3,39,5,0,44,0.00032000,1.8098,
siblings,anthropic/claude-opus-4.5,3,True,3,39,5,0,44,0.00032000,1.6776,
siblings,anthropic/claude-sonnet-4.6,1,True,3,39,5,0,44,0.00019200,2.4459,
siblings,anthropic/claude-sonnet-4.6,2,True,3,39,5,0,44,0.00019200,1.0277,
siblings,anthropic/claude-sonnet-4.6,3,True,3,39,5,0,44,0.00019200,2.0630,
siblings,anthropic/claude-sonnet-4.5,1,True,3,39,5,0,44,0.00019200,1.9963,
siblings,anthropic/claude-sonnet-4.5,2,True,3,39,5,0,44,0.00019200,2.4254,
siblings,anthropic/claude-sonnet-4.5,3,True,3,39,5,0,44,0.00019200,1.8252,
siblings,anthropic/claude-sonnet-4,1,True,3,39,5,0,44,0.00019200,1.1915,
siblings,anthropic/claude-sonnet-4,2,True,3,39,5,0,44,0.00019200,1.1927,
siblings,anthropic/claude-sonnet-4,3,True,3,39,5,0,44,0.00019200,1.0272,
siblings,google/gemini-3.1-pro-preview,1,True,3,31,202,201,233,0.00248600,5.5704,
siblings,google/gemini-3.1-pro-preview,2,True,3,31,406,405,437,0.00493400,4.7891,
siblings,google/gemini-3.1-pro-preview,3,True,3,31,258,257,289,0.00315800,6.9417,
siblings,google/gemini-2.5-pro,1,True,3,31,469,468,500,0.00472875,23.8324,
siblings,google/gemini-2.5-pro,2,True,3,31,522,521,553,0.00525875,5.2221,
siblings,google/gemini-2.5-pro,3,True,3,31,449,448,480,0.00452875,5.5585,
siblings,google/gemini-2.0-flash-001,1,True,3,31,2,0,33,0.00000390,0.6229,
siblings,google/gemini-2.0-flash-001,2,,,0,0,,0,,5.6495,"HTTP 504: {""error"":{""message"":""The operation was aborted"",""code"":504,""metadata"":{""provider_name"":""Google""}},""user_id"":""user_3C8lSSxQuurpJpKGGT1sUC2IhbD""}"
siblings,google/gemini-2.0-flash-001,3,True,3,31,2,0,33,0.00000390,0.7189,
siblings,openai/gpt-5.5,1,True,3,36,49,42,85,0.00165000,1.7207,
siblings,openai/gpt-5.5,2,True,3,36,40,33,76,0.00138000,2.1733,
siblings,openai/gpt-5.5,3,True,3,36,38,31,74,0.00132000,1.9047,
siblings,openai/gpt-5.4,1,True,3,36,5,0,41,0.00016500,0.6465,
siblings,openai/gpt-5.4,2,True,3,36,5,0,41,0.00016500,0.8290,
siblings,openai/gpt-5.4,3,True,3,36,5,0,41,0.00016500,0.6871,
siblings,openai/gpt-5.2,1,True,3,36,36,29,72,0.00056700,1.3999,
siblings,openai/gpt-5.2,2,True,3,36,62,55,98,0.00093100,2.4989,
siblings,openai/gpt-5.2,3,True,3,36,75,68,111,0.00111300,1.9941,
siblings,deepseek/deepseek-v4-pro,1,True,3,34,187,185,221,0.00070992,6.0443,
siblings,deepseek/deepseek-v4-pro,2,True,3,34,318,315,352,0.00116580,11.5669,
siblings,deepseek/deepseek-v4-pro,3,True,3,34,192,190,226,0.00072732,6.4207,
siblings,deepseek/deepseek-v3.2,1,False,5,40,2,0,42,0.00001084,1.8178,
siblings,deepseek/deepseek-v3.2,2,True,3,40,2,0,42,0.00001116,1.5242,
siblings,deepseek/deepseek-v3.2,3,False,5,40,2,0,42,0.00001084,2.3461,
siblings,deepseek/deepseek-chat,1,False,2,33,2,0,35,0.00001234,1.4059,
siblings,deepseek/deepseek-chat,2,True,"Alright, let's tackle this problem step by step. The question is:

**""Alice has 3 brothers and 2 sisters. How many sisters does each of Alice's brothers have? Answer with only the number, nothing else.""**

### Understanding the Problem

First, let's understand the information given:

1. Alice has 3 brothers.
2. Alice has 2 sisters.

We need to find out how many sisters each of Alice's brothers has.

### Visualizing the Family

To make this clearer, let's visualize Alice's family. We'll list out all the siblings, including Alice.

- Alice is one child in the family.
- She has 3 brothers: let's name them Brother1, Brother2, and Brother3 for clarity.
- She has 2 sisters: let's name them Sister1 and Sister2.

So, the complete list of siblings is:

1. Alice
2. Sister1
3. Sister2
4. Brother1
5. Brother2
6. Brother3

This makes a total of 6 children in the family: Alice, her 2 sisters, and her 3 brothers.

### Focusing on Alice's Brothers

Now, the question is about Alice's brothers. Specifically, how many sisters does each brother have?

Let's pick one brother, say Brother1, and count his sisters.

- Sisters from Brother1's perspective:
  - Alice
  - Sister1
  - Sister2

That's 3 sisters.

Similarly, Brother2 and Brother3 would also have the same sisters:

- Alice
- Sister1
- Sister2

So, each brother has 3 sisters.

### Verifying the Count

Wait a minute, let's double-check this because initially, one might think that since Alice has 2 sisters, maybe the brothers have fewer sisters. But let's see:

Alice has 2 sisters besides herself, making the female siblings:

- Alice
- Sister1
- Sister2

Total sisters in the family: 3 (including Alice).

Now, from a brother's perspective:

- Their sisters are all the female siblings except themselves (since they are male).
- So, Alice, Sister1, and Sister2 are their sisters.

Therefore, each brother has 3 sisters.

### Common Pitfall

It's easy to confuse ""Alice has 2 sisters"" with ""there are only 2 sisters in total."" But actually, Alice having 2 sisters means, excluding Alice, there are 2 other girls. So including Alice, there are 3 girls in the family.

Thus, each brother's sisters are all these girls, totaling 3.

### Final Answer

After carefully analyzing the family structure and counting the sisters from the perspective of Alice's brothers, we conclude that each brother has **3 sisters**.

However, let me think again to ensure this is correct.

Alice's siblings:

- Brothers: 3
- Sisters: 2 (excluding Alice)

Total sisters including Alice: 3 (Alice + 2 sisters)

For each brother, their sisters are all the girls in the family, which are Alice and her 2 sisters.

So, yes, each brother has 3 sisters.

Wait, but is Alice a sister to her brothers? Yes, Alice is a sister to her brothers. So:

Brothers' sisters:

1. Alice
2. Sister1
3. Sister2

Total: 3

Therefore, each brother has 3 sisters.

But earlier, I thought maybe Alice is not counted, but no, Alice is indeed a sister to her brothers.

So, the correct answer is:

3

But let me think differently to confirm.

Total children:

- Alice
- 2 sisters
- 3 brothers

Total: 1 + 2 + 3 = 6

Now, for each brother, their siblings are:

All children except themselves: 6 - 1 = 5 siblings.

Out of these, sisters are the girls: Alice and 2 sisters = 3 sisters.

Brothers: total brothers are 3, but excluding themselves, so 2 brothers.

But the question is only about sisters, so 3 sisters.

Yes, it's consistent.

### Alternative Approach

Let me try another way to confirm.

Let’s list the siblings with their genders:

1. Alice - female
2. Sister1 - female
3. Sister2 - female
4. Brother1 - male
5. Brother2 - male
6. Brother3 - male

Now, take Brother1:

His siblings are Alice, Sister1, Sister2, Brother2, Brother3.

Out of these, sisters are Alice, Sister1, Sister2: 3 sisters.

Same for Brother2 and Brother3.

Thus, each brother has 3 sisters.

### Conclusion

After carefully considering and verifying through multiple approaches, each of Alice's brothers has **3 sisters**.

3",33,1002,0,1035,0.00131580,28.2100,
siblings,deepseek/deepseek-chat,3,True,3,33,2,0,35,0.00001234,4.4324,
siblings,qwen/qwen3.6-max-preview,1,True,3,40,521,515,561,0.00411580,15.4904,
siblings,qwen/qwen3.6-max-preview,2,True,3,40,377,372,417,0.00299260,10.7504,
siblings,qwen/qwen3.6-max-preview,3,True,3,40,477,471,517,0.00377260,13.1693,
siblings,qwen/qwen3-max,1,True,3,38,1,0,39,0.00003354,1.0819,
siblings,qwen/qwen3-max,2,True,3,38,1,0,39,0.00003354,1.4646,
siblings,qwen/qwen3-max,3,True,3,38,1,0,39,0.00003354,1.3212,
siblings,qwen/qwen-max,1,False,2,38,1,0,39,0.00004368,0.8713,
siblings,qwen/qwen-max,2,False,2,38,1,0,39,0.00004368,1.2529,
siblings,qwen/qwen-max,3,False,2,38,1,0,39,0.00004368,0.6799,
crt,anthropic/claude-opus-4.7,1,True,157,86,6,0,92,0.00058000,9.3426,
crt,anthropic/claude-opus-4.7,2,True,"N ≡ 1 (mod 3), N ≡ 2 (mod 5), N ≡ 3 (mod 7)

N=52 works, then +105: 52, 157.

157",86,65,0,151,0.00205500,3.1676,
crt,anthropic/claude-opus-4.6,1,True,"I need to find the smallest N > 100 such that:
- N ≡ 1 (mod 3)
- N ≡ 2 (mod 5)
- N ≡ 3 (mod 7)

**Solving with Chinese Remainder Theorem:**

From the first condition: N = 3k + 1 for some integer k.

Substituting into the second condition: 3k + 1 ≡ 2 (mod 5), so 3k ≡ 1 (mod 5). The inverse of 3 mod 5 is 2 (since 3·2 = 6 ≡ 1), so k ≡ 2 (mod 5). Thus k = 5m + 2.

So N = 3(5m + 2) + 1 = 15m + 7.

Substituting into the third condition: 15m + 7 ≡ 3 (mod 7), so 15m ≡ -4 (mod 7). Since 15 ≡ 1 (mod 7), we get m ≡ -4 ≡ 3 (mod 7). Thus m = 7j + 3.

So N = 15(7j + 3) + 7 = 105j + 52.

**Finding smallest N > 100:**

- j = 0: N = 52 (too small)
- j = 1: N = 157

**Verification:** 157 ÷ 3 = 52 remainder 1 ✓; 157 ÷ 5 = 31 remainder 2 ✓; 157 ÷ 7 = 22 remainder 3 ✓

The answer is **157**.",64,448,0,512,0.01152000,6.3394,
crt,anthropic/claude-opus-4.6,2,True,"I need to find the smallest N > 100 such that:
- N ≡ 1 (mod 3)
- N ≡ 2 (mod 5)
- N ≡ 3 (mod 7)

**Solving with Chinese Remainder Theorem:**

From the first condition: N = 3k + 1

Substituting into the second condition: 3k + 1 ≡ 2 (mod 5), so 3k ≡ 1 (mod 5). The inverse of 3 mod 5 is 2 (since 3·2 = 6 ≡ 1), so k ≡ 2 (mod 5), meaning k = 5m + 2.

Thus N = 3(5m + 2) + 1 = 15m + 7.

Substituting into the third condition: 15m + 7 ≡ 3 (mod 7), so 15m ≡ -4 (mod 7). Since 15 ≡ 1 (mod 7), we get m ≡ -4 ≡ 3 (mod 7), so m = 7j + 3.

Thus N = 15(7j + 3) + 7 = 105j + 52.

**Finding smallest N > 100:**

- j = 0: N = 52 (too small)
- j = 1: N = 157 ✓

**Verification:** 157 ÷ 3 = 52 remainder 1 ✓; 157 ÷ 5 = 31 remainder 2 ✓; 157 ÷ 7 = 22 remainder 3 ✓

The answer is **157**.",64,446,0,510,0.01147000,7.1857,
crt,anthropic/claude-opus-4.5,1,True,"I need to find the smallest N > 100 where:
- N ≡ 1 (mod 3)
- N ≡ 2 (mod 5)
- N ≡ 3 (mod 7)

**Solving with Chinese Remainder Theorem:**

From N ≡ 1 (mod 3): N = 3k + 1

Substituting into N ≡ 2 (mod 5):
3k + 1 ≡ 2 (mod 5)
3k ≡ 1 (mod 5)
k ≡ 2 (mod 5) (since 3·2 = 6 ≡ 1 mod 5)

So k = 5j + 2, meaning N = 3(5j + 2) + 1 = 15j + 7

Now using N ≡ 3 (mod 7):
15j + 7 ≡ 3 (mod 7)
15j ≡ -4 (mod 7)
1j ≡ 3 (mod 7) (since 15 ≡ 1 mod 7, and -4 ≡ 3 mod 7)
j ≡ 3 (mod 7)

So j = 7m + 3, meaning N = 15(7m + 3) + 7 = 105m + 45 + 7 = 105m + 52

**Finding N > 100:**
- m = 0: N = 52
- m = 1: N = 157

**Verification of N = 157:**
- 157 ÷ 3 = 52 remainder 1 ✓
- 157 ÷ 5 = 31 remainder 2 ✓
- 157 ÷ 7 = 22 remainder 3 ✓

**157**",64,486,0,550,0.01247000,6.3726,
crt,anthropic/claude-opus-4.5,2,True,"I need to find the smallest N > 100 where:
- N ≡ 1 (mod 3)
- N ≡ 2 (mod 5)
- N ≡ 3 (mod 7)

From the first condition: N = 3k + 1 for some integer k.

Substituting into the second condition:
3k + 1 ≡ 2 (mod 5)
3k ≡ 1 (mod 5)
k ≡ 2 (mod 5) (since 3 × 2 = 6 ≡ 1 mod 5)

So k = 5j + 2, meaning N = 3(5j + 2) + 1 = 15j + 7.

Substituting into the third condition:
15j + 7 ≡ 3 (mod 7)
15j ≡ -4 (mod 7)
j ≡ -4 (mod 7) (since 15 ≡ 1 mod 7)
j ≡ 3 (mod 7)

So j = 7m + 3, meaning N = 15(7m + 3) + 7 = 105m + 45 + 7 = 105m + 52.

For N > 100:
- m = 0: N = 52 (too small)
- m = 1: N = 157 ✓

**157**",64,373,0,437,0.00964500,5.2023,
crt,anthropic/claude-sonnet-4.6,1,True,"I need to find the smallest positive integer N > 100 such that:
- N ≡ 1 (mod 3)
- N ≡ 2 (mod 5)
- N ≡ 3 (mod 7)

Notice that N+2 satisfies:
- N+2 ≡ 3 (mod 3) ≡ 0 (mod 3)
- N+2 ≡ 4 (mod 5) ≡ -1... 

Let me try: N ≡ -2 (mod 3), N ≡ -3 (mod 5), N ≡ -4 (mod 7)

So N+2 ≡ 0 (mod 3), N+3 ≡ 0 (mod 5), N+4 ≡ 0 (mod 7)

Let me just use the system directly.

From N ≡ 2 (mod 5): N = 5k + 2
Substitute into N ≡ 1 (mod 3): 5k + 2 ≡ 1 (mod 3) → 2k ≡ -1 ≡ 2 (mod 3) → k ≡ 1 (mod 3)
So k = 3m + 1, giving N = 5(3m+1) + 2 = 15m + 7

Now apply N ≡ 3 (mod 7): 15m + 7 ≡ 3 (mod 7) → 15m ≡ -4 ≡ 3 (mod 7) → m ≡ 3 (mod 7) (since 15 ≡ 1 mod 7, so m ≡ 3 mod 7)

So m = 7j + 3, giving N = 15(7j + 3) + 7 = 105j + 45 + 7 = 105j + 52

For j=0: N = 52
For j=1: N = 157

The smallest N > 100 is **157**.",64,541,0,605,0.00830700,6.3036,
crt,anthropic/claude-sonnet-4.6,2,True,"I need to find the smallest positive integer N > 100 such that:
- N ≡ 1 (mod 3)
- N ≡ 2 (mod 5)
- N ≡ 3 (mod 7)

Notice that N ≡ 1 (mod 3) means N+2 ≡ 0 (mod 3)
N ≡ 2 (mod 5) means N+3 ≡ 0 (mod 5)
N ≡ 3 (mod 7) means N+4 ≡ 0 (mod 7)

Hmm, let me just solve systematically.

From N ≡ 2 (mod 5): N = 5k + 2

Substitute into N ≡ 1 (mod 3):
5k + 2 ≡ 1 (mod 3)
2k + 2 ≡ 1 (mod 3)
2k ≡ -1 ≡ 2 (mod 3)
k ≡ 1 (mod 3)

So k = 3m + 1, and N = 5(3m+1) + 2 = 15m + 7

Now substitute into N ≡ 3 (mod 7):
15m + 7 ≡ 3 (mod 7)
15m ≡ -4 ≡ 3 (mod 7)
m ≡ 3 (mod 7) [since 15 ≡ 1 (mod 7), so m ≡ 3 (mod 7)]

So m = 7j + 3, and N = 15(7j+3) + 7 = 105j + 45 + 7 = 105j + 52

For j=0: N = 52
For j=1: N = 157

The smallest N > 100 is **157**.",64,498,0,562,0.00766200,5.5306,
crt,anthropic/claude-sonnet-4.5,1,True,"I need to find the smallest positive integer N > 100 such that:
- N ≡ 1 (mod 3)
- N ≡ 2 (mod 5)
- N ≡ 3 (mod 7)

Using the Chinese Remainder Theorem:

From N ≡ 1 (mod 3): N = 3k + 1

Substituting into N ≡ 2 (mod 5):
3k + 1 ≡ 2 (mod 5)
3k ≡ 1 (mod 5)
k ≡ 2 (mod 5)
So k = 5j + 2

Therefore N = 3(5j + 2) + 1 = 15j + 7

Substituting into N ≡ 3 (mod 7):
15j + 7 ≡ 3 (mod 7)
15j ≡ -4 ≡ 3 (mod 7)
j ≡ 3 (mod 7)
So j = 7m + 3

Therefore N = 15(7m + 3) + 7 = 105m + 45 + 7 = 105m + 52

The general solution is N = 105m + 52 for m = 0, 1, 2, ...

For m = 0: N = 52 (less than 100)
For m = 1: N = 157

157",64,373,0,437,0.00578700,5.3479,
crt,anthropic/claude-sonnet-4.5,2,True,"I need to find the smallest positive integer N > 100 such that:
- N ≡ 1 (mod 3)
- N ≡ 2 (mod 5)
- N ≡ 3 (mod 7)

Using the Chinese Remainder Theorem:

From N ≡ 1 (mod 3): N = 3k + 1

Substituting into N ≡ 2 (mod 5):
3k + 1 ≡ 2 (mod 5)
3k ≡ 1 (mod 5)
k ≡ 2 (mod 5)
So k = 5j + 2, which means N = 3(5j + 2) + 1 = 15j + 7

Substituting into N ≡ 3 (mod 7):
15j + 7 ≡ 3 (mod 7)
15j ≡ -4 ≡ 3 (mod 7)
j ≡ 3 (mod 7)
So j = 7m + 3, which means N = 15(7m + 3) + 7 = 105m + 52

The general solution is N = 105m + 52 for non-negative integers m.

For m = 0: N = 52 (not > 100)
For m = 1: N = 157

Checking: 
- 157 = 3(52) + 1 ✓
- 157 = 5(31) + 2 ✓
- 157 = 7(22) + 3 ✓

157",64,416,0,480,0.00643200,5.6130,
crt,anthropic/claude-sonnet-4,1,True,"I need to find the smallest positive integer N > 100 such that:
- N ≡ 1 (mod 3)
- N ≡ 2 (mod 5)
- N ≡ 3 (mod 7)

I'll use the Chinese Remainder Theorem.

First, let me rewrite the system:
- N = 3k + 1 for some integer k
- N = 5j + 2 for some integer j
- N = 7i + 3 for some integer i

From the first congruence: N = 3k + 1

Substituting into the second congruence:
3k + 1 ≡ 2 (mod 5)
3k ≡ 1 (mod 5)

Since 3 × 2 = 6 ≡ 1 (mod 5), we have k ≡ 2 (mod 5)
So k = 5m + 2 for some integer m
Therefore: N = 3(5m + 2) + 1 = 15m + 7

Now substituting into the third congruence:
15m + 7 ≡ 3 (mod 7)
15m ≡ -4 ≡ 3 (mod 7)

Since 15 ≡ 1 (mod 7), we have:
m ≡ 3 (mod 7)

So m = 7n + 3 for some integer n
Therefore: N = 15(7n + 3) + 7 = 105n + 45 + 7 = 105n + 52

The general solution is N = 105n + 52.

For n = 0: N = 52 (too small, < 100)
For n = 1: N = 105 + 52 = 157

Let me verify:
- 157 ÷ 3 = 52 remainder 1 ✓
- 157 ÷ 5 = 31 remainder 2 ✓
- 157 ÷ 7 = 22 remainder 3 ✓

157",64,538,0,602,0.00826200,4.8900,
crt,anthropic/claude-sonnet-4,2,True,"I need to find the smallest positive integer N > 100 such that:
- N ≡ 1 (mod 3)
- N ≡ 2 (mod 5)
- N ≡ 3 (mod 7)

I'll use the Chinese Remainder Theorem since 3, 5, and 7 are pairwise coprime.

From the first condition: N = 3k + 1 for some integer k.

Substituting into the second condition:
3k + 1 ≡ 2 (mod 5)
3k ≡ 1 (mod 5)

Since 3 × 2 = 6 ≡ 1 (mod 5), we have k ≡ 2 (mod 5).
So k = 5j + 2 for some integer j.

Therefore: N = 3(5j + 2) + 1 = 15j + 7

Substituting into the third condition:
15j + 7 ≡ 3 (mod 7)
15j ≡ -4 ≡ 3 (mod 7)

Since 15 ≡ 1 (mod 7), we have:
j ≡ 3 (mod 7)

So j = 7m + 3 for some integer m.

Therefore: N = 15(7m + 3) + 7 = 105m + 45 + 7 = 105m + 52

The general solution is N = 105m + 52.

For m = 0: N = 52 (too small, < 100)
For m = 1: N = 105 + 52 = 157

Let me verify:
- 157 ÷ 3 = 52 remainder 1 ✓
- 157 ÷ 5 = 31 remainder 2 ✓
- 157 ÷ 7 = 22 remainder 3 ✓

157",64,502,0,566,0.00772200,4.5904,
crt,google/gemini-3.1-pro-preview,1,True,157,55,571,568,626,0.00696200,6.1595,
crt,google/gemini-3.1-pro-preview,2,True,157,55,553,550,608,0.00674600,10.4043,
crt,google/gemini-2.5-pro,1,True,157,55,3364,3361,3419,0.03370875,23.9192,
crt,google/gemini-2.5-pro,2,True,157,55,2532,2529,2587,0.02538875,22.0558,
crt,google/gemini-2.0-flash-001,1,,,0,0,,0,,5.2608,"HTTP 504: {""error"":{""message"":""The operation was aborted"",""code"":504,""metadata"":{""provider_name"":""Google""}},""user_id"":""user_3C8lSSxQuurpJpKGGT1sUC2IhbD""}"
crt,google/gemini-2.0-flash-001,2,,,0,0,,0,,6.9181,"HTTP 429: {""error"":{""message"":""Provider returned error"",""code"":429,""metadata"":{""raw"":""google/gemini-2.0-flash-001 is temporarily rate-limited upstream. Please retry shortly, or add your own key to accumulate yo"
crt,openai/gpt-5.5,1,True,157,59,150,143,209,0.00479500,4.0770,
crt,openai/gpt-5.5,2,True,157,59,186,179,245,0.00587500,6.4940,
crt,openai/gpt-5.4,1,True,157,59,5,0,64,0.00022250,0.6868,
crt,openai/gpt-5.4,2,True,157,59,5,0,64,0.00022250,1.0833,
crt,openai/gpt-5.2,1,True,157,59,248,241,307,0.00357525,6.2349,
crt,openai/gpt-5.2,2,True,157,59,237,230,296,0.00342125,6.3444,
crt,deepseek/deepseek-v4-pro,1,True,157,57,482,295,539,0.00224050,11.5472,
crt,deepseek/deepseek-v4-pro,2,True,157,57,435,266,492,0.00203370,5.7853,
crt,deepseek/deepseek-v3.2,1,True,"Alright, let's go step-by-step.

We are told:  
\[
N \equiv 1 \pmod{3}  
\]
\[
N \equiv 2 \pmod{5}  
\]
\[
N \equiv 3 \pmod{7}  
\]
with \( N > 100 \), smallest possible.

---

**Step 1: Write the system**

We can write:

\[
\begin{cases}
N = 3a + 1 \\
N = 5b + 2 \\
N = XX 7c + 3
\end{cases}
\]

Equivalently:  

\[
N \equiv 1 \ (\text{mod } 3)  
\]
\[
N \equiv 2 \ (\text{mod } 5)  
\]
\[
N \equiv 3 \ (\text{mod } 7)  
\]

---

**Step SB2: Solve first two congruences**

From \( N \equiv 1 \ (\text{mod } 3) \) and \( N \equiv 2 \ (\text{mod } 5) \).

Let \( N = 3k + 1 \). Then \( 3k + 1 \equiv 2 \ (\text{mod } 5) \) → \( 3k \equiv 1 \ (\text{mod } 5) \).

Multiply by inverse of 3 modulo 5: \( 3 \times 2 \equiv 1 \pmod{5} \) → inverse of 3 is 2.

Thus \( k \equiv 2 \times 1 \equiv 2 \ (\text{mod } 5) \).

So \( k = 5m + 2 \).

Substitute into \( N = 3k + 1 \):
\[
N = 3(5m + 2) + 1 = 15m + 6 + 1 = 15m + 7.
\]

So from the first two, \( N \equiv 7 \pmod{15} \).

---

**Step 3: Include third congruence**

Now \( N \equiv 7 \pmod{15} \) and \( N \equiv 3 \pmod{7} \).

Let \( N = 15t + 7 \). Then \( 15t + 7 \equiv 3 \pmod{7} \).

Note \( 15 \equiv 1 \pmod{7} \) since \( 15 - 14 = 1 \), and \( 7 \equiv 0 \pmod{7} \).  
So \( 15t + 7 \equiv 1 \cdot t + 0 \equiv t \pmod{7} \).

Thus \( t \equiv 3 \pmod{7} \).

So \( t = 7s + 3 \).

Then \( N = 15(7s + 3) + 7 = 105s + 45 + 7 = 105s + 52 \).

Thus the general solution is \( N \equiv 52 \pmod{105} \).

---

**Step 4: Smallest \( N > 100 \)**

Since \( N = 52 + 105k \), check \( k = 0 \) gives \( N = 52 \), too small (≤100).

\( k = 1 \) gives \( N = 52 + 105 = 157 \), which is >100.

Check \( 157 \):

- \( 157 \div 3 = 52 \) remainder 1 ✅
- \( 157 \div 5 = 31 \) remainder 2 ✅
- \( 157 \div 7 = 22 \) remainder 3 ✅

---

**Step 5: Verify no smaller**

\( k = 0 \) is 52 ≤100. So smallest >100 is 157.

---

**Final answer:**
\[
\boxed{157}
\]",57,831,0,888,0.00127500,20.5955,
crt,deepseek/deepseek-v3.2,2,True,"Alright, let's walk through this step-by-step.

---

We want **N > 100** satisfying:  

\[
\begin{cases}
N \equiv 1 &\pmod{3} \\
N \equiv 2 &\pmod{5} \\
N \equiv 3 &\pmod{7} 
\end{cases}
\]

---

### Step 1: Write the congruences

\[
N - 1 \equiv 0 \pmod{3} \implies N \equiv 1 \pmod{3}
\]
\[
N \equiv 2 \pmod{5}
\]
\[
N \equiv 3 \pmod{7}
\]

---

### Step 2: Solve first two congruences

From \( N \equiv 1 \ (\text{mod}\ 3) \) and \( N \equiv 2 \ (\text{mod}\ 5) \):

Write \( N = 3a + 1 \) for integer \( a \).

Plug into second congruence:  
\[
3a + 1 \equiv 2 \pmod{5}
\]
\[
3a \equiv 1 \pmod{5}
\]
Multiply by inverse of \(3\) mod \(5\), which is \(2\):  
\[
a \equiv 2 \pmod{5}
\]
Thus \( a = 5t + 2 \) for integer \( t \).

Then \( N = 3(5t + 2) + 1 = 15t + 6 + 1 = 15t + 7 \).

So from first two congruences:  
\[
N \equiv 7 \pmod{15}.
\]

---

### Step 3: Incorporate third congruence \( N \equiv 3 \pmod{7} \)

Let \( N = 15k + 7 \). We need:  
\[
15k + 7 \equiv 3 \pmod{7}
\]
Since \(15 \equiv 1 \pmod{7}\) because \(15 = 14+1\):  
\[
1\cdot k + 7 \equiv 3 \pmod{7}
\]
\[
k + 0 \equiv 3 \pmod{7} \quad (\text{since } 7 \equiv 0 \pmod{7})
\]
\[
k \equiv 3 \pmod{7}
\]

Thus \( k = 7m + 3 \).

---

### Step 4: Write general solution for \( N \)

\[
N = 15(7m + 3) + 7 = 105m + 45 + 7 = 105m + 52.
\]

So  
\[
N \equiv 52 \pmod{105}.
\]

---

### Step 5: Smallest \( N > 100 \)

\( m=0 \): \( N = 52 \) (not > 100).  
\( m=1 \): \( N = 52 + 105 = 157 \) (fits \(>100\)).

Check \(157\):  
- \( 157 \div 3 = 52 \) remainder \(1\) ✓  
- \( 157 \div 5 = 31 \) remainder \(2\) ✓  
- \( 157 \div 7 = 22 \) remainder \(3\) ✓

---

\[
\boxed{157}
\]",57,711,0,768,0.00031338,32.4368,
crt,deepseek/deepseek-chat,1,True,"To find the smallest positive integer \( N > 100 \) that satisfies the following conditions:
- \( N \equiv 1 \mod 3 \)
- \( N \equiv 2 \mod 5 \)
- \( N \equiv 3 \mod 7 \)

we can use the **Chinese Remainder Theorem**. Here's a step-by-step solution:

### Step 1: Solve the first two congruences
1. **\( N \equiv 1 \mod 3 \)**
2. **\( N \equiv 2 \mod 5 \)**

Let \( N = 3k + 1 \). Substitute into the second congruence:
\[
3k + 1 \equiv 2 \mod 5 \\
3k \equiv 1 \mod 5 \\
k \equiv 2 \mod 5 \quad (\text{since } 3 \times 2 = 6 \equiv 1 \mod 5)
\]
Thus, \( k = 5m + 2 \) for some integer \( m \). Substituting back:
\[
N = 3(5m + 2) + 1 = 15m + 7
\]
So, \( N \equiv 7 \mod 15 \).

### Step 2: Incorporate the third congruence
3. **\( N \equiv 3 \mod 7 \)**

Let \( N = 15m + 7 \). Substitute into the third congruence:
\[
15m + 7 \equiv 3 \mod 7 \\
15m \equiv -4 \mod 7 \\
15 \equiv 1 \mod 7 \Rightarrow m \equiv -4 \mod 7 \\
m \equiv 3 \mod 7 \quad (\text{since } -4 \equiv 3 \mod 7)
\]
Thus, \( m = 7n + 3 \) for some integer \( n \). Substituting back:
\[
N = 15(7n + 3) + 7 = 105n + 52
\]
So, \( N \equiv 52 \mod 105 \).

### Step 3: Find the smallest \( N > 100 \)
The general solution is \( N = 105n + 52 \). To find the smallest \( N > 100 \):
\[
105n + 52 > 100 \\
105n > 48 \\
n > \frac{48}{105} \approx 0.457
\]
The smallest integer \( n \) satisfying this is \( n = 1 \):
\[
N = 105(1) + 52 = 157
\]

**Verification:**
- \( 157 \div 3 = 52 \) with remainder \( 1 \) ✓
- \( 157 \div 5 = 31 \) with remainder \( 2 \) ✓
- \( 157 \div 7 = 22 \) with remainder \( 3 \) ✓

Thus, the smallest such \( N > 100 \) is:

\[
\boxed{157}
\]",56,641,0,697,0.00085570,17.8880,
crt,deepseek/deepseek-chat,2,False,113,56,2,0,58,0.00001970,1.1745,
crt,qwen/qwen3.6-max-preview,1,True,157,65,5581,5573,5646,0.04361630,154.0045,
crt,qwen/qwen3.6-max-preview,2,True,157,65,1958,1950,2023,0.01535690,51.1831,
crt,qwen/qwen3-max,1,True,157,63,3,0,66,0.00006084,1.5404,
crt,qwen/qwen3-max,2,True,157,63,3,0,66,0.00006084,1.7713,
crt,qwen/qwen-max,1,False,106,63,3,0,66,0.00007800,0.6625,
crt,qwen/qwen-max,2,False,106,63,3,0,66,0.00007800,1.2181,
